#ENCODE_data_set,TF_name,JASPAR2014_matrix_id
wgEncodeAwgTfbsBroadDnd41CtcfUniPk,CTCF,MA0139.1
wgEncodeAwgTfbsBroadGm12878CtcfUniPk,CTCF,MA0139.1
wgEncodeAwgTfbsBroadH1hescCtcfUniPk,CTCF,MA0139.1
wgEncodeAwgTfbsBroadHelas3CtcfUniPk,CTCF,MA0139.1
wgEncodeAwgTfbsBroadHepg2CtcfUniPk,CTCF,MA0139.1
wgEncodeAwgTfbsBroadHmecCtcfUniPk,CTCF,MA0139.1
wgEncodeAwgTfbsBroadHsmmCtcfUniPk,CTCF,MA0139.1
wgEncodeAwgTfbsBroadHsmmtCtcfUniPk,CTCF,MA0139.1
wgEncodeAwgTfbsBroadHuvecCtcfUniPk,CTCF,MA0139.1
wgEncodeAwgTfbsBroadK562CtcfUniPk,CTCF,MA0139.1
wgEncodeAwgTfbsBroadNhaCtcfUniPk,CTCF,MA0139.1
wgEncodeAwgTfbsBroadNhdfadCtcfUniPk,CTCF,MA0139.1
wgEncodeAwgTfbsBroadNhekCtcfUniPk,CTCF,MA0139.1
wgEncodeAwgTfbsBroadNhlfCtcfUniPk,CTCF,MA0139.1
wgEncodeAwgTfbsBroadOsteoblCtcfUniPk,CTCF,MA0139.1
wgEncodeAwgTfbsHaibA549Creb1sc240V0416102Dex100nmUniPk,CREB1,MA0018.2
wgEncodeAwgTfbsHaibA549Ctcfsc5916Pcr1xDex100nmUniPk,CTCF,MA0139.1
wgEncodeAwgTfbsHaibA549Ctcfsc5916Pcr1xEtoh02UniPk,CTCF,MA0139.1
wgEncodeAwgTfbsHaibA549Elf1V0422111Etoh02UniPk,ELF1,MA0473.1
wgEncodeAwgTfbsHaibA549Ets1V0422111Etoh02UniPk,ETS1,MA0098.2
wgEncodeAwgTfbsHaibA549Fosl2V0422111Etoh02UniPk,FOSL2,MA0478.1
wgEncodeAwgTfbsHaibA549Foxa1V0416102Dex100nmUniPk,FOXA1,MA0148.3
wgEncodeAwgTfbsHaibA549GabpV0422111Etoh02UniPk,GABPA,MA0062.2
wgEncodeAwgTfbsHaibA549NrsfV0422111Etoh02UniPk,REST,MA0138.2
wgEncodeAwgTfbsHaibA549Tcf12V0422111Etoh02UniPk,TCF12,MA0521.1
wgEncodeAwgTfbsHaibA549Usf1Pcr1xDex100nmUniPk,USF1,MA0093.2
wgEncodeAwgTfbsHaibA549Usf1Pcr1xEtoh02UniPk,USF1,MA0093.2
wgEncodeAwgTfbsHaibA549Usf1V0422111Etoh02UniPk,USF1,MA0093.2
wgEncodeAwgTfbsHaibA549Yy1cV0422111Etoh02UniPk,YY1,MA0095.2
wgEncodeAwgTfbsHaibA549Zbtb33V0422111Etoh02UniPk,ZBTB33,MA0527.1
wgEncodeAwgTfbsHaibEcc1CtcfcV0416102Dm002p1hUniPk,CTCF,MA0139.1
wgEncodeAwgTfbsHaibEcc1Foxa1sc6553V0416102Dm002p1hUniPk,FOXA1,MA0148.3
wgEncodeAwgTfbsHaibEcc1GrV0416102Dex100nmUniPk,NR3C1,MA0113.2
wgEncodeAwgTfbsHaibGm12878BatfPcr1xUniPk,BATF::JUN,MA0462.1
wgEncodeAwgTfbsHaibGm12878Cebpbsc150V0422111UniPk,CEBPB,MA0466.1
wgEncodeAwgTfbsHaibGm12878Ebf1sc137065Pcr1xUniPk,EBF1,MA0154.2
wgEncodeAwgTfbsHaibGm12878Egr1Pcr2xUniPk,EGR1,MA0162.2
wgEncodeAwgTfbsHaibGm12878Elf1sc631V0416101UniPk,ELF1,MA0473.1
wgEncodeAwgTfbsHaibGm12878Ets1Pcr1xUniPk,ETS1,MA0098.2
wgEncodeAwgTfbsHaibGm12878GabpPcr2xUniPk,GABPA,MA0062.2
wgEncodeAwgTfbsHaibGm12878Mef2aPcr1xUniPk,MEF2A,MA0052.2
wgEncodeAwgTfbsHaibGm12878Mef2csc13268V0416101UniPk,MEF2C,MA0497.1
wgEncodeAwgTfbsHaibGm12878Nficsc81335V0422111UniPk,NFIC,MA0161.1
wgEncodeAwgTfbsHaibGm12878NrsfPcr1xUniPk,REST,MA0138.2
wgEncodeAwgTfbsHaibGm12878Pax5c20Pcr1xUniPk,PAX5,MA0014.2
wgEncodeAwgTfbsHaibGm12878Pax5n19Pcr1xUniPk,PAX5,MA0014.2
wgEncodeAwgTfbsHaibGm12878Pou2f2Pcr1xUniPk,POU2F2,MA0507.1
wgEncodeAwgTfbsHaibGm12878Pu1Pcr1xUniPk,SPI1,MA0080.3
wgEncodeAwgTfbsHaibGm12878RxraPcr1xUniPk,RXRA,MA0512.1
wgEncodeAwgTfbsHaibGm12878Sp1Pcr1xUniPk,SP1,MA0079.3
wgEncodeAwgTfbsHaibGm12878SrfPcr2xUniPk,SRF,MA0083.2
wgEncodeAwgTfbsHaibGm12878Stat5asc74442V0422111UniPk,STAT5A::STAT5B,MA0519.1
wgEncodeAwgTfbsHaibGm12878Tcf12Pcr1xUniPk,TCF12,MA0521.1
wgEncodeAwgTfbsHaibGm12878Tcf3Pcr1xUniPk,TCF3,MA0522.1
wgEncodeAwgTfbsHaibGm12878Usf1Pcr2xUniPk,USF1,MA0093.2
wgEncodeAwgTfbsHaibGm12878Yy1sc281Pcr1xUniPk,YY1,MA0095.2
wgEncodeAwgTfbsHaibGm12878Zbtb33Pcr1xUniPk,ZBTB33,MA0527.1
wgEncodeAwgTfbsHaibGm12878Zeb1sc25388V0416102UniPk,ZEB1,MA0103.2
wgEncodeAwgTfbsHaibGm12891Pax5c20V0416101UniPk,PAX5,MA0014.2
wgEncodeAwgTfbsHaibGm12891Pou2f2Pcr1xUniPk,POU2F2,MA0507.1
wgEncodeAwgTfbsHaibGm12891Pu1Pcr1xUniPk,SPI1,MA0080.3
wgEncodeAwgTfbsHaibGm12891Yy1sc281V0416101UniPk,YY1,MA0095.2
wgEncodeAwgTfbsHaibGm12892Pax5c20V0416101UniPk,PAX5,MA0014.2
wgEncodeAwgTfbsHaibGm12892Yy1V0416101UniPk,YY1,MA0095.2
wgEncodeAwgTfbsHaibH1hescCtcfsc5916V0416102UniPk,CTCF,MA0139.1
wgEncodeAwgTfbsHaibH1hescEgr1V0416102UniPk,EGR1,MA0162.2
wgEncodeAwgTfbsHaibH1hescFosl1sc183V0416102UniPk,FOSL1,MA0477.1
wgEncodeAwgTfbsHaibH1hescGabpPcr1xUniPk,GABPA,MA0062.2
wgEncodeAwgTfbsHaibH1hescJundV0416102UniPk,JUND,MA0491.1
wgEncodeAwgTfbsHaibH1hescNrsfV0416102UniPk,REST,MA0138.2
wgEncodeAwgTfbsHaibH1hescPou5f1sc9081V0416102UniPk,POU5F1::SOX2,MA0142.1
wgEncodeAwgTfbsHaibH1hescRxraV0416102UniPk,RXRA,MA0512.1
wgEncodeAwgTfbsHaibH1hescSp1Pcr1xUniPk,SP1,MA0079.3
wgEncodeAwgTfbsHaibH1hescSp2V0422111UniPk,SP2,MA0516.1
wgEncodeAwgTfbsHaibH1hescSrfPcr1xUniPk,SRF,MA0083.2
wgEncodeAwgTfbsHaibH1hescTcf12Pcr1xUniPk,TCF12,MA0521.1
wgEncodeAwgTfbsHaibH1hescUsf1Pcr1xUniPk,USF1,MA0093.2
wgEncodeAwgTfbsHaibH1hescYy1sc281V0416102UniPk,YY1,MA0095.2
wgEncodeAwgTfbsHaibHct116Yy1sc281V0416101UniPk,YY1,MA0095.2
wgEncodeAwgTfbsHaibHct116Zbtb33V0416101UniPk,ZBTB33,MA0527.1
wgEncodeAwgTfbsHaibHelas3GabpPcr1xUniPk,GABPA,MA0062.2
wgEncodeAwgTfbsHaibHelas3NrsfPcr1xUniPk,REST,MA0138.2
wgEncodeAwgTfbsHaibHepg2Bhlhe40V0416101UniPk,BHLHE40,MA0464.1
wgEncodeAwgTfbsHaibHepg2Cebpbsc150V0416101UniPk,CEBPB,MA0466.1
wgEncodeAwgTfbsHaibHepg2Ctcfsc5916V0416101UniPk,CTCF,MA0139.1
wgEncodeAwgTfbsHaibHepg2Elf1sc631V0416101UniPk,ELF1,MA0473.1
wgEncodeAwgTfbsHaibHepg2Fosl2V0416101UniPk,FOSL2,MA0478.1
wgEncodeAwgTfbsHaibHepg2Foxa1sc101058V0416101UniPk,FOXA1,MA0148.3
wgEncodeAwgTfbsHaibHepg2Foxa1sc6553V0416101UniPk,FOXA1,MA0148.3
wgEncodeAwgTfbsHaibHepg2Foxa2sc6554V0416101UniPk,FOXA2,MA0047.2
wgEncodeAwgTfbsHaibHepg2GabpPcr2xUniPk,GABPA,MA0062.2
wgEncodeAwgTfbsHaibHepg2Hnf4asc8987V0416101UniPk,HNF4A,MA0114.2
wgEncodeAwgTfbsHaibHepg2Hnf4gsc6558V0416101UniPk,HNF4G,MA0484.1
wgEncodeAwgTfbsHaibHepg2JundPcr1xUniPk,JUND,MA0491.1
wgEncodeAwgTfbsHaibHepg2Nficsc81335V0422111UniPk,NFIC,MA0161.1
wgEncodeAwgTfbsHaibHepg2NrsfPcr2xUniPk,REST,MA0138.2
wgEncodeAwgTfbsHaibHepg2NrsfV0416101UniPk,REST,MA0138.2
wgEncodeAwgTfbsHaibHepg2RxraPcr1xUniPk,RXRA,MA0512.1
wgEncodeAwgTfbsHaibHepg2Sp1Pcr1xUniPk,SP1,MA0079.3
wgEncodeAwgTfbsHaibHepg2Sp2V0422111UniPk,SP2,MA0516.1
wgEncodeAwgTfbsHaibHepg2SrfV0416101UniPk,SRF,MA0083.2
wgEncodeAwgTfbsHaibHepg2Tcf12Pcr1xUniPk,TCF12,MA0521.1
wgEncodeAwgTfbsHaibHepg2Usf1Pcr1xUniPk,USF1,MA0093.2
wgEncodeAwgTfbsHaibHepg2Yy1sc281V0416101UniPk,YY1,MA0095.2
wgEncodeAwgTfbsHaibHepg2Zbtb33Pcr1xUniPk,ZBTB33,MA0527.1
wgEncodeAwgTfbsHaibK562Cebpbsc150V0422111UniPk,CEBPB,MA0466.1
wgEncodeAwgTfbsHaibK562CtcfcPcr1xUniPk,CTCF,MA0139.1
wgEncodeAwgTfbsHaibK562E2f6V0416102UniPk,E2F6,MA0471.1
wgEncodeAwgTfbsHaibK562Egr1V0416101UniPk,EGR1,MA0162.2
wgEncodeAwgTfbsHaibK562Elf1sc631V0416102UniPk,ELF1,MA0473.1
wgEncodeAwgTfbsHaibK562Ets1V0416101UniPk,ETS1,MA0098.2
wgEncodeAwgTfbsHaibK562Fosl1sc183V0416101UniPk,FOSL1,MA0477.1
wgEncodeAwgTfbsHaibK562GabpV0416101UniPk,GABPA,MA0062.2
wgEncodeAwgTfbsHaibK562Gata2sc267Pcr1xUniPk,GATA2,MA0036.2
wgEncodeAwgTfbsHaibK562MaxV0416102UniPk,MAX,MA0058.2
wgEncodeAwgTfbsHaibK562Mef2aV0416101UniPk,MEF2A,MA0052.2
wgEncodeAwgTfbsHaibK562NrsfV0416102UniPk,REST,MA0138.2
wgEncodeAwgTfbsHaibK562Pu1Pcr1xUniPk,SPI1,MA0080.3
wgEncodeAwgTfbsHaibK562Sp1Pcr1xUniPk,SP1,MA0079.3
wgEncodeAwgTfbsHaibK562Sp2sc643V0416102UniPk,SP2,MA0516.1
wgEncodeAwgTfbsHaibK562SrfV0416101UniPk,SRF,MA0083.2
wgEncodeAwgTfbsHaibK562Stat5asc74442V0422111UniPk,STAT5A::STAT5B,MA0519.1
wgEncodeAwgTfbsHaibK562Thap1sc98174V0416101UniPk,THAP1,MA0597.1
wgEncodeAwgTfbsHaibK562Usf1V0416101UniPk,USF1,MA0093.2
wgEncodeAwgTfbsHaibK562Yy1V0416101UniPk,YY1,MA0095.2
wgEncodeAwgTfbsHaibK562Yy1V0416102UniPk,YY1,MA0095.2
wgEncodeAwgTfbsHaibK562Zbtb33Pcr1xUniPk,ZBTB33,MA0527.1
wgEncodeAwgTfbsHaibPanc1NrsfPcr2xUniPk,REST,MA0138.2
wgEncodeAwgTfbsHaibPfsk1Foxp2Pcr2xUniPk,FOXP2,MA0593.1
wgEncodeAwgTfbsHaibPfsk1NrsfPcr2xUniPk,REST,MA0138.2
wgEncodeAwgTfbsHaibSknmcFoxp2Pcr2xUniPk,FOXP2,MA0593.1
wgEncodeAwgTfbsHaibSknshNrsfPcr2xUniPk,REST,MA0138.2
wgEncodeAwgTfbsHaibSknshNrsfV0416101UniPk,REST,MA0138.2
wgEncodeAwgTfbsHaibSknshraCtcfV0416102UniPk,CTCF,MA0139.1
wgEncodeAwgTfbsHaibSknshraUsf1sc8983V0416102UniPk,USF1,MA0093.2
wgEncodeAwgTfbsHaibSknshraYy1sc281V0416102UniPk,YY1,MA0095.2
wgEncodeAwgTfbsHaibT47dCtcfsc5916V0416102Dm002p1hUniPk,CTCF,MA0139.1
wgEncodeAwgTfbsHaibT47dFoxa1sc6553V0416102Dm002p1hUniPk,FOXA1,MA0148.3
wgEncodeAwgTfbsHaibT47dGata3sc268V0416102Dm002p1hUniPk,GATA3,MA0037.2
wgEncodeAwgTfbsHaibU87NrsfPcr2xUniPk,REST,MA0138.2
wgEncodeAwgTfbsSydhA549Bhlhe40IggrabUniPk,BHLHE40,MA0464.1
wgEncodeAwgTfbsSydhA549CebpbIggrabUniPk,CEBPB,MA0466.1
wgEncodeAwgTfbsSydhA549MaxIggrabUniPk,MAX,MA0058.2
wgEncodeAwgTfbsSydhGm10847NfkbTnfaIggrabUniPk,NFKB1,MA0105.3
wgEncodeAwgTfbsSydhGm12878Bhlhe40cIggmusUniPk,BHLHE40,MA0464.1
wgEncodeAwgTfbsSydhGm12878Brca1a300IggmusUniPk,BRCA1,MA0133.1
wgEncodeAwgTfbsSydhGm12878CfosUniPk,FOS,MA0476.1
wgEncodeAwgTfbsSydhGm12878Ctcfsc15914c20UniPk,CTCF,MA0139.1
wgEncodeAwgTfbsSydhGm12878E2f4IggmusUniPk,E2F4,MA0470.1
wgEncodeAwgTfbsSydhGm12878Ebf1sc137065UniPk,EBF1,MA0154.2
wgEncodeAwgTfbsSydhGm12878Elk112771IggmusUniPk,ELK1,MA0028.1
wgEncodeAwgTfbsSydhGm12878JundUniPk,JUND,MA0491.1
wgEncodeAwgTfbsSydhGm12878MaxIggmusUniPk,MAX,MA0058.2
wgEncodeAwgTfbsSydhGm12878Nfe2sc22827UniPk,NFE2::MAX,MA0501.1
wgEncodeAwgTfbsSydhGm12878NfkbTnfaIggrabUniPk,NFKB1,MA0105.3
wgEncodeAwgTfbsSydhGm12878NfyaIggmusUniPk,NFYA,MA0060.2
wgEncodeAwgTfbsSydhGm12878NfybIggmusUniPk,NFYB,MA0502.1
wgEncodeAwgTfbsSydhGm12878Nrf1IggmusUniPk,NRF1,MA0506.1
wgEncodeAwgTfbsSydhGm12878Rfx5200401194IggmusUniPk,RFX5,MA0510.1
wgEncodeAwgTfbsSydhGm12878Stat1UniPk,STAT1,MA0137.3
wgEncodeAwgTfbsSydhGm12878Stat3IggmusUniPk,STAT3,MA0144.2
wgEncodeAwgTfbsSydhGm12878TbpIggmusUniPk,TBP,MA0108.2
wgEncodeAwgTfbsSydhGm12878Usf2IggmusUniPk,USF2,MA0526.1
wgEncodeAwgTfbsSydhGm12878Yy1UniPk,YY1,MA0095.2
wgEncodeAwgTfbsSydhGm12878Znf143166181apUniPk,ZNF143,MA0088.1
wgEncodeAwgTfbsSydhGm12891NfkbTnfaIggrabUniPk,NFKB1,MA0105.3
wgEncodeAwgTfbsSydhGm12892NfkbTnfaIggrabUniPk,NFKB1,MA0105.3
wgEncodeAwgTfbsSydhGm15510NfkbTnfaIggrabUniPk,NFKB1,MA0105.3
wgEncodeAwgTfbsSydhGm18505NfkbTnfaIggrabUniPk,NFKB1,MA0105.3
wgEncodeAwgTfbsSydhGm18526NfkbTnfaIggrabUniPk,NFKB1,MA0105.3
wgEncodeAwgTfbsSydhGm18951NfkbTnfaIggrabUniPk,NFKB1,MA0105.3
wgEncodeAwgTfbsSydhGm19099NfkbTnfaIggrabUniPk,NFKB1,MA0105.3
wgEncodeAwgTfbsSydhGm19193NfkbTnfaIggrabUniPk,NFKB1,MA0105.3
wgEncodeAwgTfbsSydhH1hescBach1sc14700IggrabUniPk,BACH1::MAFK,MA0591.1
wgEncodeAwgTfbsSydhH1hescBrca1IggrabUniPk,BRCA1,MA0133.1
wgEncodeAwgTfbsSydhH1hescCebpbIggrabUniPk,CEBPB,MA0466.1
wgEncodeAwgTfbsSydhH1hescCjunIggrabUniPk,JUN::FOS,MA0099.2
wgEncodeAwgTfbsSydhH1hescCmycIggrabUniPk,MYC,MA0147.2
wgEncodeAwgTfbsSydhH1hescJundIggrabUniPk,JUND,MA0491.1
wgEncodeAwgTfbsSydhH1hescMafkIggrabUniPk,MAFK,MA0496.1
wgEncodeAwgTfbsSydhH1hescMaxUcdUniPk,MAX,MA0058.2
wgEncodeAwgTfbsSydhH1hescNrf1IggrabUniPk,NRF1,MA0506.1
wgEncodeAwgTfbsSydhH1hescRfx5200401194IggrabUniPk,RFX5,MA0510.1
wgEncodeAwgTfbsSydhH1hescTbpIggrabUniPk,TBP,MA0108.2
wgEncodeAwgTfbsSydhH1hescUsf2IggrabUniPk,USF2,MA0526.1
wgEncodeAwgTfbsSydhH1hescZnf143IggrabUniPk,ZNF143,MA0088.1
wgEncodeAwgTfbsSydhHct116Tcf7l2UcdUniPk,TCF7L2,MA0523.1
wgEncodeAwgTfbsSydhHek293Elk4UcdUniPk,ELK4,MA0076.2
wgEncodeAwgTfbsSydhHek293Tcf7l2UcdUniPk,TCF7L2,MA0523.1
wgEncodeAwgTfbsSydhHek293tZnf263UcdUniPk,ZNF263,MA0528.1
wgEncodeAwgTfbsSydhHelas3Ap2alphaUniPk,TFAP2A,MA0003.2
wgEncodeAwgTfbsSydhHelas3Ap2gammaUniPk,TFAP2C,MA0524.1
wgEncodeAwgTfbsSydhHelas3Brca1a300IggrabUniPk,BRCA1,MA0133.1
wgEncodeAwgTfbsSydhHelas3CebpbIggrabUniPk,CEBPB,MA0466.1
wgEncodeAwgTfbsSydhHelas3CfosUniPk,FOS,MA0476.1
wgEncodeAwgTfbsSydhHelas3CjunIggrabUniPk,JUN::FOS,MA0099.2
wgEncodeAwgTfbsSydhHelas3CmycUniPk,MYC,MA0147.2
wgEncodeAwgTfbsSydhHelas3E2f1UniPk,E2F1,MA0024.2
wgEncodeAwgTfbsSydhHelas3E2f4UniPk,E2F4,MA0470.1
wgEncodeAwgTfbsSydhHelas3E2f6UniPk,E2F6,MA0471.1
wgEncodeAwgTfbsSydhHelas3Elk112771IggrabUniPk,ELK1,MA0028.1
wgEncodeAwgTfbsSydhHelas3Elk4UcdUniPk,ELK4,MA0076.2
wgEncodeAwgTfbsSydhHelas3Hae2f1UniPk,E2F1,MA0024.2
wgEncodeAwgTfbsSydhHelas3JundIggrabUniPk,JUND,MA0491.1
wgEncodeAwgTfbsSydhHelas3MafkIggrabUniPk,MAFK,MA0496.1
wgEncodeAwgTfbsSydhHelas3MaxIggrabUniPk,MAX,MA0058.2
wgEncodeAwgTfbsSydhHelas3NfyaIggrabUniPk,NFYA,MA0060.2
wgEncodeAwgTfbsSydhHelas3NfybIggrabUniPk,NFYB,MA0502.1
wgEncodeAwgTfbsSydhHelas3Nrf1IggmusUniPk,NRF1,MA0506.1
wgEncodeAwgTfbsSydhHelas3Rfx5200401194IggrabUniPk,RFX5,MA0510.1
wgEncodeAwgTfbsSydhHelas3Stat1Ifng30UniPk,STAT1,MA0137.3
wgEncodeAwgTfbsSydhHelas3Stat3IggrabUniPk,STAT3,MA0144.2
wgEncodeAwgTfbsSydhHelas3TbpIggrabUniPk,TBP,MA0108.2
wgEncodeAwgTfbsSydhHelas3Tcf7l2UcdUniPk,TCF7L2,MA0523.1
wgEncodeAwgTfbsSydhHelas3Tcf7l2c9b92565UcdUniPk,TCF7L2,MA0523.1
wgEncodeAwgTfbsSydhHelas3Usf2IggmusUniPk,USF2,MA0526.1
wgEncodeAwgTfbsSydhHelas3Znf143IggrabUniPk,ZNF143,MA0088.1
wgEncodeAwgTfbsSydhHepg2Arid3anb100279IggrabUniPk,ARID3A,MA0151.1
wgEncodeAwgTfbsSydhHepg2Bhlhe40cIggrabUniPk,BHLHE40,MA0464.1
wgEncodeAwgTfbsSydhHepg2Brca1a300IggrabUniPk,BRCA1,MA0133.1
wgEncodeAwgTfbsSydhHepg2CebpbForsklnUniPk,CEBPB,MA0466.1
wgEncodeAwgTfbsSydhHepg2CebpbIggrabUniPk,CEBPB,MA0466.1
wgEncodeAwgTfbsSydhHepg2CjunIggrabUniPk,JUN::FOS,MA0099.2
wgEncodeAwgTfbsSydhHepg2ErraForsklnUniPk,ESRRA,MA0592.1
wgEncodeAwgTfbsSydhHepg2Hnf4aForsklnUniPk,HNF4A,MA0114.2
wgEncodeAwgTfbsSydhHepg2Hsf1ForsklnUniPk,HSF1,MA0486.1
wgEncodeAwgTfbsSydhHepg2JundIggrabUniPk,JUND,MA0491.1
wgEncodeAwgTfbsSydhHepg2Maffm8194IggrabUniPk,MAFF,MA0495.1
wgEncodeAwgTfbsSydhHepg2Mafkab50322IggrabUniPk,MAFK,MA0496.1
wgEncodeAwgTfbsSydhHepg2Mafksc477IggrabUniPk,MAFK,MA0496.1
wgEncodeAwgTfbsSydhHepg2MaxIggrabUniPk,MAX,MA0058.2
wgEncodeAwgTfbsSydhHepg2Nrf1IggrabUniPk,NRF1,MA0506.1
wgEncodeAwgTfbsSydhHepg2Rfx5200401194IggrabUniPk,RFX5,MA0510.1
wgEncodeAwgTfbsSydhHepg2TbpIggrabUniPk,TBP,MA0108.2
wgEncodeAwgTfbsSydhHepg2Tcf7l2UcdUniPk,TCF7L2,MA0523.1
wgEncodeAwgTfbsSydhHepg2Usf2IggrabUniPk,USF2,MA0526.1
wgEncodeAwgTfbsSydhHuvecCfosUcdUniPk,FOS,MA0476.1
wgEncodeAwgTfbsSydhHuvecCjunUniPk,JUN::FOS,MA0099.2
wgEncodeAwgTfbsSydhHuvecGata2UcdUniPk,GATA2,MA0036.2
wgEncodeAwgTfbsSydhHuvecMaxUniPk,MAX,MA0058.2
wgEncodeAwgTfbsSydhImr90CebpbIggrabUniPk,CEBPB,MA0466.1
wgEncodeAwgTfbsSydhImr90CtcfbIggrabUniPk,CTCF,MA0139.1
wgEncodeAwgTfbsSydhImr90MafkIggrabUniPk,MAFK,MA0496.1
wgEncodeAwgTfbsSydhK562Arid3asc8821IggrabUniPk,ARID3A,MA0151.1
wgEncodeAwgTfbsSydhK562Bach1sc14700IggrabUniPk,BACH1::MAFK,MA0591.1
wgEncodeAwgTfbsSydhK562Bhlhe40nb100IggrabUniPk,BHLHE40,MA0464.1
wgEncodeAwgTfbsSydhK562CebpbIggrabUniPk,CEBPB,MA0466.1
wgEncodeAwgTfbsSydhK562CfosUniPk,FOS,MA0476.1
wgEncodeAwgTfbsSydhK562CjunIfna30UniPk,JUN::FOS,MA0099.2
wgEncodeAwgTfbsSydhK562CjunIfna6hUniPk,JUN::FOS,MA0099.2
wgEncodeAwgTfbsSydhK562CjunIfng30UniPk,JUN::FOS,MA0099.2
wgEncodeAwgTfbsSydhK562CjunIfng6hUniPk,JUN::FOS,MA0099.2
wgEncodeAwgTfbsSydhK562CjunUniPk,JUN::FOS,MA0099.2
wgEncodeAwgTfbsSydhK562CmycIfna30UniPk,MYC,MA0147.2
wgEncodeAwgTfbsSydhK562CmycIfna6hUniPk,MYC,MA0147.2
wgEncodeAwgTfbsSydhK562CmycIfng30UniPk,MYC,MA0147.2
wgEncodeAwgTfbsSydhK562CmycIfng6hUniPk,MYC,MA0147.2
wgEncodeAwgTfbsSydhK562CmycIggrabUniPk,MYC,MA0147.2
wgEncodeAwgTfbsSydhK562CmycUniPk,MYC,MA0147.2
wgEncodeAwgTfbsSydhK562CtcfbIggrabUniPk,CTCF,MA0139.1
wgEncodeAwgTfbsSydhK562E2f4UcdUniPk,E2F4,MA0470.1
wgEncodeAwgTfbsSydhK562E2f6UcdUniPk,E2F6,MA0471.1
wgEncodeAwgTfbsSydhK562Elk112771IggrabUniPk,ELK1,MA0028.1
wgEncodeAwgTfbsSydhK562Gata1UcdUniPk,GATA1,MA0035.3
wgEncodeAwgTfbsSydhK562Gata2UcdUniPk,GATA2,MA0036.2
wgEncodeAwgTfbsSydhK562Irf1Ifna30UniPk,IRF1,MA0050.2
wgEncodeAwgTfbsSydhK562Irf1Ifna6hUniPk,IRF1,MA0050.2
wgEncodeAwgTfbsSydhK562Irf1Ifng30UniPk,IRF1,MA0050.2
wgEncodeAwgTfbsSydhK562Irf1Ifng6hUniPk,IRF1,MA0050.2
wgEncodeAwgTfbsSydhK562JundIggrabUniPk,JUND,MA0491.1
wgEncodeAwgTfbsSydhK562MaffIggrabUniPk,MAFF,MA0495.1
wgEncodeAwgTfbsSydhK562Mafkab50322IggrabUniPk,MAFK,MA0496.1
wgEncodeAwgTfbsSydhK562MaxIggrabUniPk,MAX,MA0058.2
wgEncodeAwgTfbsSydhK562Nfe2UniPk,NFE2::MAX,MA0501.1
wgEncodeAwgTfbsSydhK562NfyaUniPk,NFYA,MA0060.2
wgEncodeAwgTfbsSydhK562NfybUniPk,NFYB,MA0502.1
wgEncodeAwgTfbsSydhK562Nrf1IggrabUniPk,NRF1,MA0506.1
wgEncodeAwgTfbsSydhK562Rfx5IggrabUniPk,RFX5,MA0510.1
wgEncodeAwgTfbsSydhK562Stat1Ifna30UniPk,STAT1,MA0137.3
wgEncodeAwgTfbsSydhK562Stat1Ifna6hUniPk,STAT1,MA0137.3
wgEncodeAwgTfbsSydhK562Stat1Ifng30UniPk,STAT1,MA0137.3
wgEncodeAwgTfbsSydhK562Stat1Ifng6hUniPk,STAT1,MA0137.3
wgEncodeAwgTfbsSydhK562Stat2Ifna30UniPk,STAT2::STAT1,MA0517.1
wgEncodeAwgTfbsSydhK562Stat2Ifna6hUniPk,STAT2::STAT1,MA0517.1
wgEncodeAwgTfbsSydhK562TbpIggmusUniPk,TBP,MA0108.2
wgEncodeAwgTfbsSydhK562Usf2IggrabUniPk,USF2,MA0526.1
wgEncodeAwgTfbsSydhK562Yy1UcdUniPk,YY1,MA0095.2
wgEncodeAwgTfbsSydhK562Znf143IggrabUniPk,ZNF143,MA0088.1
wgEncodeAwgTfbsSydhK562Znf263UcdUniPk,ZNF263,MA0528.1
wgEncodeAwgTfbsSydhMcf10aesCfosEtoh01HvdUniPk,FOS,MA0476.1
wgEncodeAwgTfbsSydhMcf10aesCfosTam112hHvdUniPk,FOS,MA0476.1
wgEncodeAwgTfbsSydhMcf10aesCfosTam14hHvdUniPk,FOS,MA0476.1
wgEncodeAwgTfbsSydhMcf10aesCfosTamHvdUniPk,FOS,MA0476.1
wgEncodeAwgTfbsSydhMcf10aesCmycEtoh01HvdUniPk,MYC,MA0147.2
wgEncodeAwgTfbsSydhMcf10aesCmycTam14hHvdUniPk,MYC,MA0147.2
wgEncodeAwgTfbsSydhMcf10aesE2f4TamHvdUniPk,E2F4,MA0470.1
wgEncodeAwgTfbsSydhMcf10aesStat3Etoh01UniPk,STAT3,MA0144.2
wgEncodeAwgTfbsSydhMcf10aesStat3Etoh01bUniPk,STAT3,MA0144.2
wgEncodeAwgTfbsSydhMcf10aesStat3Etoh01cUniPk,STAT3,MA0144.2
wgEncodeAwgTfbsSydhMcf10aesStat3Tam112hHvdUniPk,STAT3,MA0144.2
wgEncodeAwgTfbsSydhMcf10aesStat3TamUniPk,STAT3,MA0144.2
wgEncodeAwgTfbsSydhMcf7Gata3UcdUniPk,GATA3,MA0037.2
wgEncodeAwgTfbsSydhMcf7Gata3sc269UcdUniPk,GATA3,MA0037.2
wgEncodeAwgTfbsSydhMcf7Hae2f1UcdUniPk,E2F1,MA0024.2
wgEncodeAwgTfbsSydhMcf7Tcf7l2UcdUniPk,TCF7L2,MA0523.1
wgEncodeAwgTfbsSydhNb4CmycUniPk,MYC,MA0147.2
wgEncodeAwgTfbsSydhNb4MaxUniPk,MAX,MA0058.2
wgEncodeAwgTfbsSydhNt2d1Yy1UcdUniPk,YY1,MA0095.2
wgEncodeAwgTfbsSydhPanc1Tcf7l2UcdUniPk,TCF7L2,MA0523.1
wgEncodeAwgTfbsSydhPbdeGata1UcdUniPk,GATA1,MA0035.3
wgEncodeAwgTfbsSydhPbdefetalGata1UcdUniPk,GATA1,MA0035.3
wgEncodeAwgTfbsSydhShsy5yGata2UcdUniPk,GATA2,MA0036.2
wgEncodeAwgTfbsSydhShsy5yGata3sc269sc269UcdUniPk,GATA3,MA0037.2
wgEncodeAwgTfbsUchicagoK562EfosUniPk,FOS,MA0476.1
wgEncodeAwgTfbsUchicagoK562Egata2UniPk,GATA2,MA0036.2
wgEncodeAwgTfbsUchicagoK562EjunbUniPk,JUNB,MA0490.1
wgEncodeAwgTfbsUchicagoK562EjundUniPk,JUND,MA0491.1
wgEncodeAwgTfbsUtaA549CtcfUniPk,CTCF,MA0139.1
wgEncodeAwgTfbsUtaFibroblCtcfUniPk,CTCF,MA0139.1
wgEncodeAwgTfbsUtaGlioblaCtcfUniPk,CTCF,MA0139.1
wgEncodeAwgTfbsUtaGm12878CmycUniPk,MYC,MA0147.2
wgEncodeAwgTfbsUtaGm12878CtcfUniPk,CTCF,MA0139.1
wgEncodeAwgTfbsUtaGm12891CtcfUniPk,CTCF,MA0139.1
wgEncodeAwgTfbsUtaGm12892CtcfUniPk,CTCF,MA0139.1
wgEncodeAwgTfbsUtaGm19238CtcfUniPk,CTCF,MA0139.1
wgEncodeAwgTfbsUtaGm19239CtcfUniPk,CTCF,MA0139.1
wgEncodeAwgTfbsUtaGm19240CtcfUniPk,CTCF,MA0139.1
wgEncodeAwgTfbsUtaH1hescCmycUniPk,MYC,MA0147.2
wgEncodeAwgTfbsUtaH1hescCtcfUniPk,CTCF,MA0139.1
wgEncodeAwgTfbsUtaHelas3CmycUniPk,MYC,MA0147.2
wgEncodeAwgTfbsUtaHelas3CtcfUniPk,CTCF,MA0139.1
wgEncodeAwgTfbsUtaHepg2CmycUniPk,MYC,MA0147.2
wgEncodeAwgTfbsUtaHepg2CtcfUniPk,CTCF,MA0139.1
wgEncodeAwgTfbsUtaHuvecCmycUniPk,MYC,MA0147.2
wgEncodeAwgTfbsUtaHuvecCtcfUniPk,CTCF,MA0139.1
wgEncodeAwgTfbsUtaK562CmycUniPk,MYC,MA0147.2
wgEncodeAwgTfbsUtaK562CtcfUniPk,CTCF,MA0139.1
wgEncodeAwgTfbsUtaMcf7CmycEstroUniPk,MYC,MA0147.2
wgEncodeAwgTfbsUtaMcf7CmycSerumstimUniPk,MYC,MA0147.2
wgEncodeAwgTfbsUtaMcf7CmycSerumstvdUniPk,MYC,MA0147.2
wgEncodeAwgTfbsUtaMcf7CmycVehUniPk,MYC,MA0147.2
wgEncodeAwgTfbsUtaMcf7CtcfEstroUniPk,CTCF,MA0139.1
wgEncodeAwgTfbsUtaMcf7CtcfSerumstimUniPk,CTCF,MA0139.1
wgEncodeAwgTfbsUtaMcf7CtcfSerumstvdUniPk,CTCF,MA0139.1
wgEncodeAwgTfbsUtaMcf7CtcfUniPk,CTCF,MA0139.1
wgEncodeAwgTfbsUtaMcf7CtcfVehUniPk,CTCF,MA0139.1
wgEncodeAwgTfbsUtaNhekCtcfUniPk,CTCF,MA0139.1
wgEncodeAwgTfbsUtaProgfibCtcfUniPk,CTCF,MA0139.1
wgEncodeAwgTfbsUwA549CtcfUniPk,CTCF,MA0139.1
wgEncodeAwgTfbsUwAg04449CtcfUniPk,CTCF,MA0139.1
wgEncodeAwgTfbsUwAg04450CtcfUniPk,CTCF,MA0139.1
wgEncodeAwgTfbsUwAg09309CtcfUniPk,CTCF,MA0139.1
wgEncodeAwgTfbsUwAg09319CtcfUniPk,CTCF,MA0139.1
wgEncodeAwgTfbsUwAg10803CtcfUniPk,CTCF,MA0139.1
wgEncodeAwgTfbsUwAoafCtcfUniPk,CTCF,MA0139.1
wgEncodeAwgTfbsUwBe2cCtcfUniPk,CTCF,MA0139.1
wgEncodeAwgTfbsUwBjCtcfUniPk,CTCF,MA0139.1
wgEncodeAwgTfbsUwCaco2CtcfUniPk,CTCF,MA0139.1
wgEncodeAwgTfbsUwGm06990CtcfUniPk,CTCF,MA0139.1
wgEncodeAwgTfbsUwGm12801CtcfUniPk,CTCF,MA0139.1
wgEncodeAwgTfbsUwGm12864CtcfUniPk,CTCF,MA0139.1
wgEncodeAwgTfbsUwGm12865CtcfUniPk,CTCF,MA0139.1
wgEncodeAwgTfbsUwGm12872CtcfUniPk,CTCF,MA0139.1
wgEncodeAwgTfbsUwGm12873CtcfUniPk,CTCF,MA0139.1
wgEncodeAwgTfbsUwGm12874CtcfUniPk,CTCF,MA0139.1
wgEncodeAwgTfbsUwGm12875CtcfUniPk,CTCF,MA0139.1
wgEncodeAwgTfbsUwGm12878CtcfUniPk,CTCF,MA0139.1
wgEncodeAwgTfbsUwHacCtcfUniPk,CTCF,MA0139.1
wgEncodeAwgTfbsUwHaspCtcfUniPk,CTCF,MA0139.1
wgEncodeAwgTfbsUwHbmecCtcfUniPk,CTCF,MA0139.1
wgEncodeAwgTfbsUwHcfaaCtcfUniPk,CTCF,MA0139.1
wgEncodeAwgTfbsUwHcmCtcfUniPk,CTCF,MA0139.1
wgEncodeAwgTfbsUwHcpeCtcfUniPk,CTCF,MA0139.1
wgEncodeAwgTfbsUwHct116CtcfUniPk,CTCF,MA0139.1
wgEncodeAwgTfbsUwHeeCtcfUniPk,CTCF,MA0139.1
wgEncodeAwgTfbsUwHek293CtcfUniPk,CTCF,MA0139.1
wgEncodeAwgTfbsUwHelas3CtcfUniPk,CTCF,MA0139.1
wgEncodeAwgTfbsUwHepg2CtcfUniPk,CTCF,MA0139.1
wgEncodeAwgTfbsUwHffCtcfUniPk,CTCF,MA0139.1
wgEncodeAwgTfbsUwHffmycCtcfUniPk,CTCF,MA0139.1
wgEncodeAwgTfbsUwHl60CtcfUniPk,CTCF,MA0139.1
wgEncodeAwgTfbsUwHmecCtcfUniPk,CTCF,MA0139.1
wgEncodeAwgTfbsUwHmfCtcfUniPk,CTCF,MA0139.1
wgEncodeAwgTfbsUwHpafCtcfUniPk,CTCF,MA0139.1
wgEncodeAwgTfbsUwHpfCtcfUniPk,CTCF,MA0139.1
wgEncodeAwgTfbsUwHreCtcfUniPk,CTCF,MA0139.1
wgEncodeAwgTfbsUwHrpeCtcfUniPk,CTCF,MA0139.1
wgEncodeAwgTfbsUwHuvecCtcfUniPk,CTCF,MA0139.1
wgEncodeAwgTfbsUwHvmfCtcfUniPk,CTCF,MA0139.1
wgEncodeAwgTfbsUwK562CtcfUniPk,CTCF,MA0139.1
wgEncodeAwgTfbsUwMcf7CtcfUniPk,CTCF,MA0139.1
wgEncodeAwgTfbsUwNb4CtcfUniPk,CTCF,MA0139.1
wgEncodeAwgTfbsUwNhdfneoCtcfUniPk,CTCF,MA0139.1
wgEncodeAwgTfbsUwNhekCtcfUniPk,CTCF,MA0139.1
wgEncodeAwgTfbsUwNhlfCtcfUniPk,CTCF,MA0139.1
wgEncodeAwgTfbsUwRptecCtcfUniPk,CTCF,MA0139.1
wgEncodeAwgTfbsUwSaecCtcfUniPk,CTCF,MA0139.1
wgEncodeAwgTfbsUwSknshraCtcfUniPk,CTCF,MA0139.1
wgEncodeAwgTfbsUwWerirb1CtcfUniPk,CTCF,MA0139.1
wgEncodeAwgTfbsUwWi38CtcfUniPk,CTCF,MA0139.1
